#
# MDEV-35874 Unexpected error 1264 'Out of Range Value for Column' when inserting into ... select ... from a spider table
#
for master_1
for child2
for child3
set spider_same_server_link= 1;
CREATE SERVER srv FOREIGN DATA WRAPPER mysql
OPTIONS (SOCKET "$MASTER_1_MYSOCK", DATABASE 'test',user 'root');
CREATE TABLE t1 (c6 decimal(6,0)) ENGINE=InnoDB;
CREATE TABLE t1_s (c6 decimal(6,0))
ENGINE=SPIDER COMMENT='wrapper "mariadb", srv "srv", table "t1"' ;
CREATE TABLE t2 (c8 decimal(8,0), c6 decimal(6,0)) ENGINE=InnoDB;
INSERT INTO t1 VALUES (123456), (654321);
INSERT INTO t2 (c8, c6) SELECT 12345678, c6 FROM t1_s GROUP BY c6;
drop table t2, t1_s, t1;
drop server srv;
for master_1
for child2
for child3
